# Day       	# Phase	# Symbol	# Name
2022-05-13	11.233	ğŸŒ”	Waxing gibbous
2022-05-14	12.245	ğŸŒ”	Waxing gibbous
2022-05-15	13.256	ğŸŒ”	Waxing gibbous
2022-05-16	14.345	ğŸŒ•	Full moon
2022-05-17	15.433	ğŸŒ–	Waning gibbous
2022-05-18	16.522	ğŸŒ–	Waning gibbous
2022-05-19	17.533	ğŸŒ–	Waning gibbous
2022-05-20	18.622	ğŸŒ–	Waning gibbous
2022-05-21	19.711	ğŸŒ–	Waning gibbous
2022-05-22	20.722	ğŸŒ–	Waning gibbous
2022-05-23	21.733	ğŸŒ—	Last quarter
2022-05-24	22.667	ğŸŒ˜	Waning crescent
2022-05-25	23.600	ğŸŒ˜	Waning crescent
2022-05-26	24.533	ğŸŒ˜	Waning crescent
2022-05-27	25.467	ğŸŒ˜	Waning crescent
2022-05-28	26.322	ğŸŒ˜	Waning crescent
2022-05-29	27.256	ğŸŒ˜	Waning crescent
2022-05-30	 0.111	ğŸŒ‘	New moon
2022-05-31	 0.967	ğŸŒ’	Waxing crescent
2022-06-01	 1.822	ğŸŒ’	Waxing crescent
2022-06-02	 2.678	ğŸŒ’	Waxing crescent
2022-06-03	 3.456	ğŸŒ’	Waxing crescent
2022-06-04	 4.311	ğŸŒ’	Waxing crescent
2022-06-05	 5.167	ğŸŒ’	Waxing crescent
2022-06-06	 6.022	ğŸŒ’	Waxing crescent
2022-06-07	 6.878	ğŸŒ’	Waxing crescent
2022-06-08	 7.811	ğŸŒ“	First quarter
2022-06-09	 8.745	ğŸŒ”	Waxing gibbous
2022-06-10	 9.756	ğŸŒ”	Waxing gibbous
2022-06-11	10.767	ğŸŒ”	Waxing gibbous
2022-06-12	11.778	ğŸŒ”	Waxing gibbous
2022-06-13	12.867	ğŸŒ”	Waxing gibbous
2022-06-14	13.956	ğŸŒ”	Waxing gibbous
2022-06-15	15.045	ğŸŒ–	Waning gibbous
2022-06-16	16.211	ğŸŒ–	Waning gibbous
2022-06-17	17.300	ğŸŒ–	Waning gibbous
2022-06-18	18.311	ğŸŒ–	Waning gibbous
2022-06-19	19.400	ğŸŒ–	Waning gibbous
2022-06-20	20.411	ğŸŒ–	Waning gibbous
2022-06-21	21.345	ğŸŒ—	Last quarter
2022-06-22	22.278	ğŸŒ˜	Waning crescent
2022-06-23	23.211	ğŸŒ˜	Waning crescent
2022-06-24	24.145	ğŸŒ˜	Waning crescent
2022-06-25	25.000	ğŸŒ˜	Waning crescent
2022-06-26	25.856	ğŸŒ˜	Waning crescent
2022-06-27	26.711	ğŸŒ˜	Waning crescent
2022-06-28	27.567	ğŸŒ˜	Waning crescent
2022-06-29	 0.422	ğŸŒ‘	New moon
2022-06-30	 1.278	ğŸŒ’	Waxing crescent
2022-07-01	 2.056	ğŸŒ’	Waxing crescent
2022-07-02	 2.911	ğŸŒ’	Waxing crescent
2022-07-03	 3.767	ğŸŒ’	Waxing crescent
2022-07-04	 4.700	ğŸŒ’	Waxing crescent
2022-07-05	 5.556	ğŸŒ’	Waxing crescent
2022-07-06	 6.489	ğŸŒ’	Waxing crescent
2022-07-07	 7.422	ğŸŒ“	First quarter
2022-07-08	 8.356	ğŸŒ”	Waxing gibbous
2022-07-09	 9.367	ğŸŒ”	Waxing gibbous
2022-07-10	10.378	ğŸŒ”	Waxing gibbous
2022-07-11	11.467	ğŸŒ”	Waxing gibbous
2022-07-12	12.556	ğŸŒ”	Waxing gibbous
2022-07-13	13.645	ğŸŒ”	Waxing gibbous
2022-07-14	14.733	ğŸŒ•	Full moon
2022-07-15	15.822	ğŸŒ–	Waning gibbous
2022-07-16	16.911	ğŸŒ–	Waning gibbous
2022-07-17	18.000	ğŸŒ–	Waning gibbous
2022-07-18	19.011	ğŸŒ–	Waning gibbous
2022-07-19	20.022	ğŸŒ–	Waning gibbous
2022-07-20	20.956	ğŸŒ–	Waning gibbous
2022-07-21	21.889	ğŸŒ—	Last quarter
2022-07-22	22.745	ğŸŒ˜	Waning crescent
2022-07-23	23.678	ğŸŒ˜	Waning crescent
2022-07-24	24.533	ğŸŒ˜	Waning crescent
2022-07-25	25.311	ğŸŒ˜	Waning crescent
2022-07-26	26.167	ğŸŒ˜	Waning crescent
2022-07-27	27.022	ğŸŒ˜	Waning crescent
2022-07-28	27.878	ğŸŒ˜	Waning crescent
2022-07-29	 0.733	ğŸŒ‘	New moon
2022-07-30	 1.589	ğŸŒ’	Waxing crescent
2022-07-31	 2.445	ğŸŒ’	Waxing crescent
2022-08-01	 3.378	ğŸŒ’	Waxing crescent
2022-08-02	 4.233	ğŸŒ’	Waxing crescent
2022-08-03	 5.167	ğŸŒ’	Waxing crescent
2022-08-04	 6.100	ğŸŒ’	Waxing crescent
2022-08-05	 7.033	ğŸŒ“	First quarter
2022-08-06	 8.045	ğŸŒ”	Waxing gibbous
2022-08-07	 9.056	ğŸŒ”	Waxing gibbous
2022-08-08	10.145	ğŸŒ”	Waxing gibbous
2022-08-09	11.156	ğŸŒ”	Waxing gibbous
2022-08-10	12.245	ğŸŒ”	Waxing gibbous
2022-08-11	13.333	ğŸŒ”	Waxing gibbous
2022-08-12	14.422	ğŸŒ•	Full moon
2022-08-13	15.511	ğŸŒ–	Waning gibbous
2022-08-14	16.522	ğŸŒ–	Waning gibbous
2022-08-15	17.533	ğŸŒ–	Waning gibbous
2022-08-16	18.545	ğŸŒ–	Waning gibbous
2022-08-17	19.556	ğŸŒ–	Waning gibbous
2022-08-18	20.489	ğŸŒ–	Waning gibbous
2022-08-19	21.345	ğŸŒ—	Last quarter
2022-08-20	22.200	ğŸŒ˜	Waning crescent
2022-08-21	23.056	ğŸŒ˜	Waning crescent
2022-08-22	23.911	ğŸŒ˜	Waning crescent
2022-08-23	24.767	ğŸŒ˜	Waning crescent
2022-08-24	25.622	ğŸŒ˜	Waning crescent
2022-08-25	26.478	ğŸŒ˜	Waning crescent
2022-08-26	27.333	ğŸŒ˜	Waning crescent
2022-08-27	 0.189	ğŸŒ‘	New moon
2022-08-28	 1.045	ğŸŒ’	Waxing crescent
2022-08-29	 1.978	ğŸŒ’	Waxing crescent
2022-08-30	 2.911	ğŸŒ’	Waxing crescent
2022-08-31	 3.845	ğŸŒ’	Waxing crescent
2022-09-01	 4.778	ğŸŒ’	Waxing crescent
2022-09-02	 5.789	ğŸŒ’	Waxing crescent
2022-09-03	 6.800	ğŸŒ’	Waxing crescent
2022-09-04	 7.811	ğŸŒ“	First quarter
2022-09-05	 8.822	ğŸŒ”	Waxing gibbous
2022-09-06	 9.833	ğŸŒ”	Waxing gibbous
2022-09-07	10.845	ğŸŒ”	Waxing gibbous
2022-09-08	11.933	ğŸŒ”	Waxing gibbous
2022-09-09	13.022	ğŸŒ”	Waxing gibbous
2022-09-10	14.033	ğŸŒ•	Full moon
2022-09-11	15.045	ğŸŒ–	Waning gibbous
2022-09-12	16.056	ğŸŒ–	Waning gibbous
2022-09-13	17.067	ğŸŒ–	Waning gibbous
2022-09-14	18.078	ğŸŒ–	Waning gibbous
2022-09-15	19.011	ğŸŒ–	Waning gibbous
2022-09-16	19.867	ğŸŒ–	Waning gibbous
2022-09-17	20.722	ğŸŒ–	Waning gibbous
2022-09-18	21.578	ğŸŒ—	Last quarter
2022-09-19	22.433	ğŸŒ˜	Waning crescent
2022-09-20	23.289	ğŸŒ˜	Waning crescent
2022-09-21	24.145	ğŸŒ˜	Waning crescent
2022-09-22	25.000	ğŸŒ˜	Waning crescent
2022-09-23	25.856	ğŸŒ˜	Waning crescent
2022-09-24	26.711	ğŸŒ˜	Waning crescent
2022-09-25	27.645	ğŸŒ˜	Waning crescent
2022-09-26	 0.578	ğŸŒ‘	New moon
2022-09-27	 1.511	ğŸŒ’	Waxing crescent
2022-09-28	 2.522	ğŸŒ’	Waxing crescent
2022-09-29	 3.456	ğŸŒ’	Waxing crescent
2022-09-30	 4.467	ğŸŒ’	Waxing crescent
2022-10-01	 5.478	ğŸŒ’	Waxing crescent
2022-10-02	 6.489	ğŸŒ’	Waxing crescent
2022-10-03	 7.500	ğŸŒ“	First quarter
2022-10-04	 8.511	ğŸŒ”	Waxing gibbous
2022-10-05	 9.522	ğŸŒ”	Waxing gibbous
2022-10-06	10.611	ğŸŒ”	Waxing gibbous
2022-10-07	11.622	ğŸŒ”	Waxing gibbous
2022-10-08	12.633	ğŸŒ”	Waxing gibbous
2022-10-09	13.645	ğŸŒ”	Waxing gibbous
2022-10-10	14.578	ğŸŒ•	Full moon
2022-10-11	15.589	ğŸŒ–	Waning gibbous
2022-10-12	16.522	ğŸŒ–	Waning gibbous
2022-10-13	17.456	ğŸŒ–	Waning gibbous
2022-10-14	18.311	ğŸŒ–	Waning gibbous
2022-10-15	19.245	ğŸŒ–	Waning gibbous
2022-10-16	20.100	ğŸŒ–	Waning gibbous
2022-10-17	20.878	ğŸŒ–	Waning gibbous
2022-10-18	21.733	ğŸŒ—	Last quarter
2022-10-19	22.589	ğŸŒ˜	Waning crescent
2022-10-20	23.445	ğŸŒ˜	Waning crescent
2022-10-21	24.300	ğŸŒ˜	Waning crescent
2022-10-22	25.156	ğŸŒ˜	Waning crescent
2022-10-23	26.089	ğŸŒ˜	Waning crescent
2022-10-24	27.100	ğŸŒ˜	Waning crescent
2022-10-25	 0.033	ğŸŒ‘	New moon
2022-10-26	 1.045	ğŸŒ’	Waxing crescent
2022-10-27	 2.056	ğŸŒ’	Waxing crescent
2022-10-28	 3.067	ğŸŒ’	Waxing crescent
2022-10-29	 4.156	ğŸŒ’	Waxing crescent
2022-10-30	 5.167	ğŸŒ’	Waxing crescent
2022-10-31	 6.178	ğŸŒ’	Waxing crescent
2022-11-01	 7.189	ğŸŒ“	First quarter
2022-11-02	 8.200	ğŸŒ”	Waxing gibbous
2022-11-03	 9.211	ğŸŒ”	Waxing gibbous
2022-11-04	10.222	ğŸŒ”	Waxing gibbous
2022-11-05	11.233	ğŸŒ”	Waxing gibbous
2022-11-06	12.167	ğŸŒ”	Waxing gibbous
2022-11-07	13.100	ğŸŒ”	Waxing gibbous
2022-11-08	14.111	ğŸŒ•	Full moon
2022-11-09	14.967	ğŸŒ–	Waning gibbous
2022-11-10	15.900	ğŸŒ–	Waning gibbous
2022-11-11	16.756	ğŸŒ–	Waning gibbous
2022-11-12	17.611	ğŸŒ–	Waning gibbous
2022-11-13	18.467	ğŸŒ–	Waning gibbous
2022-11-14	19.322	ğŸŒ–	Waning gibbous
2022-11-15	20.178	ğŸŒ–	Waning gibbous
2022-11-16	21.033	ğŸŒ—	Last quarter
2022-11-17	21.889	ğŸŒ˜	Waning crescent
2022-11-18	22.745	ğŸŒ˜	Waning crescent
2022-11-19	23.600	ğŸŒ˜	Waning crescent
2022-11-20	24.533	ğŸŒ˜	Waning crescent
2022-11-21	25.467	ğŸŒ˜	Waning crescent
2022-11-22	26.478	ğŸŒ˜	Waning crescent
2022-11-23	27.489	ğŸŒ˜	Waning crescent
2022-11-24	 0.578	ğŸŒ‘	New moon
2022-11-25	 1.589	ğŸŒ’	Waxing crescent
2022-11-26	 2.678	ğŸŒ’	Waxing crescent
2022-11-27	 3.767	ğŸŒ’	Waxing crescent
2022-11-28	 4.778	ğŸŒ’	Waxing crescent
2022-11-29	 5.867	ğŸŒ’	Waxing crescent
2022-11-30	 6.878	ğŸŒ’	Waxing crescent
2022-12-01	 7.889	ğŸŒ“	First quarter
2022-12-02	 8.822	ğŸŒ”	Waxing gibbous
2022-12-03	 9.833	ğŸŒ”	Waxing gibbous
2022-12-04	10.767	ğŸŒ”	Waxing gibbous
2022-12-05	11.700	ğŸŒ”	Waxing gibbous
2022-12-06	12.556	ğŸŒ”	Waxing gibbous
2022-12-07	13.489	ğŸŒ”	Waxing gibbous
2022-12-08	14.345	ğŸŒ•	Full moon
2022-12-09	15.200	ğŸŒ–	Waning gibbous
2022-12-10	16.056	ğŸŒ–	Waning gibbous
2022-12-11	16.911	ğŸŒ–	Waning gibbous
2022-12-12	17.767	ğŸŒ–	Waning gibbous
2022-12-13	18.622	ğŸŒ–	Waning gibbous
2022-12-14	19.400	ğŸŒ–	Waning gibbous
2022-12-15	20.256	ğŸŒ–	Waning gibbous
2022-12-16	21.111	ğŸŒ—	Last quarter
2022-12-17	22.045	ğŸŒ˜	Waning crescent
2022-12-18	22.978	ğŸŒ˜	Waning crescent
2022-12-19	23.911	ğŸŒ˜	Waning crescent
2022-12-20	24.922	ğŸŒ˜	Waning crescent
2022-12-21	25.933	ğŸŒ˜	Waning crescent
2022-12-22	26.945	ğŸŒ˜	Waning crescent
2022-12-23	 0.033	ğŸŒ‘	New moon
2022-12-24	 1.122	ğŸŒ’	Waxing crescent
2022-12-25	 2.211	ğŸŒ’	Waxing crescent
2022-12-26	 3.300	ğŸŒ’	Waxing crescent
2022-12-27	 4.389	ğŸŒ’	Waxing crescent
2022-12-28	 5.400	ğŸŒ’	Waxing crescent
2022-12-29	 6.411	ğŸŒ’	Waxing crescent
2022-12-30	 7.422	ğŸŒ“	First quarter
2022-12-31	 8.356	ğŸŒ”	Waxing gibbous
2023-01-01	 9.289	ğŸŒ”	Waxing gibbous
2023-01-02	10.222	ğŸŒ”	Waxing gibbous
2023-01-03	11.078	ğŸŒ”	Waxing gibbous
2023-01-04	12.011	ğŸŒ”	Waxing gibbous
2023-01-05	12.867	ğŸŒ”	Waxing gibbous
2023-01-06	13.722	ğŸŒ”	Waxing gibbous
2023-01-07	14.578	ğŸŒ•	Full moon
2023-01-08	15.356	ğŸŒ–	Waning gibbous
2023-01-09	16.211	ğŸŒ–	Waning gibbous
2023-01-10	17.067	ğŸŒ–	Waning gibbous
2023-01-11	17.922	ğŸŒ–	Waning gibbous
2023-01-12	18.778	ğŸŒ–	Waning gibbous
2023-01-13	19.633	ğŸŒ–	Waning gibbous
2023-01-14	20.489	ğŸŒ–	Waning gibbous
2023-01-15	21.422	ğŸŒ—	Last quarter
2023-01-16	22.356	ğŸŒ˜	Waning crescent
2023-01-17	23.367	ğŸŒ˜	Waning crescent
2023-01-18	24.378	ğŸŒ˜	Waning crescent
2023-01-19	25.389	ğŸŒ˜	Waning crescent
2023-01-20	26.478	ğŸŒ˜	Waning crescent
2023-01-21	27.567	ğŸŒ˜	Waning crescent
2023-01-22	 0.656	ğŸŒ‘	New moon
2023-01-23	 1.745	ğŸŒ’	Waxing crescent
2023-01-24	 2.833	ğŸŒ’	Waxing crescent
2023-01-25	 3.922	ğŸŒ’	Waxing crescent
2023-01-26	 4.933	ğŸŒ’	Waxing crescent
2023-01-27	 5.945	ğŸŒ’	Waxing crescent
2023-01-28	 6.878	ğŸŒ’	Waxing crescent
2023-01-29	 7.811	ğŸŒ“	First quarter
2023-01-30	 8.745	ğŸŒ”	Waxing gibbous
2023-01-31	 9.600	ğŸŒ”	Waxing gibbous
2023-02-01	10.456	ğŸŒ”	Waxing gibbous
2023-02-02	11.311	ğŸŒ”	Waxing gibbous
2023-02-03	12.167	ğŸŒ”	Waxing gibbous
2023-02-04	13.022	ğŸŒ”	Waxing gibbous
2023-02-05	13.878	ğŸŒ”	Waxing gibbous
2023-02-06	14.656	ğŸŒ•	Full moon
2023-02-07	15.511	ğŸŒ–	Waning gibbous
2023-02-08	16.367	ğŸŒ–	Waning gibbous
2023-02-09	17.222	ğŸŒ–	Waning gibbous
2023-02-10	18.156	ğŸŒ–	Waning gibbous
2023-02-11	19.011	ğŸŒ–	Waning gibbous
2023-02-12	19.945	ğŸŒ–	Waning gibbous
2023-02-13	20.878	ğŸŒ–	Waning gibbous
2023-02-14	21.811	ğŸŒ—	Last quarter
2023-02-15	22.822	ğŸŒ˜	Waning crescent
2023-02-16	23.833	ğŸŒ˜	Waning crescent
2023-02-17	24.922	ğŸŒ˜	Waning crescent
2023-02-18	26.011	ğŸŒ˜	Waning crescent
2023-02-19	27.100	ğŸŒ˜	Waning crescent
2023-02-20	 0.189	ğŸŒ‘	New moon
2023-02-21	 1.278	ğŸŒ’	Waxing crescent
2023-02-22	 2.289	ğŸŒ’	Waxing crescent
2023-02-23	 3.378	ğŸŒ’	Waxing crescent
2023-02-24	 4.389	ğŸŒ’	Waxing crescent
2023-02-25	 5.400	ğŸŒ’	Waxing crescent
2023-02-26	 6.333	ğŸŒ’	Waxing crescent
2023-02-27	 7.189	ğŸŒ“	First quarter
2023-02-28	 8.122	ğŸŒ”	Waxing gibbous
2023-03-01	 8.978	ğŸŒ”	Waxing gibbous
2023-03-02	 9.833	ğŸŒ”	Waxing gibbous
2023-03-03	10.611	ğŸŒ”	Waxing gibbous
2023-03-04	11.467	ğŸŒ”	Waxing gibbous
2023-03-05	12.322	ğŸŒ”	Waxing gibbous
2023-03-06	13.178	ğŸŒ”	Waxing gibbous
2023-03-07	14.033	ğŸŒ•	Full moon
2023-03-08	14.889	ğŸŒ–	Waning gibbous
2023-03-09	15.745	ğŸŒ–	Waning gibbous
2023-03-10	16.678	ğŸŒ–	Waning gibbous
2023-03-11	17.611	ğŸŒ–	Waning gibbous
2023-03-12	18.545	ğŸŒ–	Waning gibbous
2023-03-13	19.478	ğŸŒ–	Waning gibbous
2023-03-14	20.411	ğŸŒ–	Waning gibbous
2023-03-15	21.422	ğŸŒ—	Last quarter
2023-03-16	22.433	ğŸŒ˜	Waning crescent
2023-03-17	23.445	ğŸŒ˜	Waning crescent
2023-03-18	24.533	ğŸŒ˜	Waning crescent
2023-03-19	25.622	ğŸŒ˜	Waning crescent
2023-03-20	26.633	ğŸŒ˜	Waning crescent
2023-03-21	27.722	ğŸŒ˜	Waning crescent
2023-03-22	 0.811	ğŸŒ‘	New moon
2023-03-23	 1.822	ğŸŒ’	Waxing crescent
2023-03-24	 2.833	ğŸŒ’	Waxing crescent
2023-03-25	 3.845	ğŸŒ’	Waxing crescent
2023-03-26	 4.778	ğŸŒ’	Waxing crescent
2023-03-27	 5.711	ğŸŒ’	Waxing crescent
2023-03-28	 6.567	ğŸŒ’	Waxing crescent
2023-03-29	 7.422	ğŸŒ“	First quarter
2023-03-30	 8.278	ğŸŒ”	Waxing gibbous
2023-03-31	 9.133	ğŸŒ”	Waxing gibbous
2023-04-01	 9.911	ğŸŒ”	Waxing gibbous
2023-04-02	10.767	ğŸŒ”	Waxing gibbous
2023-04-03	11.622	ğŸŒ”	Waxing gibbous
2023-04-04	12.478	ğŸŒ”	Waxing gibbous
2023-04-05	13.411	ğŸŒ”	Waxing gibbous
2023-04-06	14.345	ğŸŒ•	Full moon
2023-04-07	15.278	ğŸŒ–	Waning gibbous
2023-04-08	16.211	ğŸŒ–	Waning gibbous
2023-04-09	17.145	ğŸŒ–	Waning gibbous
2023-04-10	18.156	ğŸŒ–	Waning gibbous
2023-04-11	19.089	ğŸŒ–	Waning gibbous
2023-04-12	20.100	ğŸŒ–	Waning gibbous
2023-04-13	21.111	ğŸŒ—	Last quarter
2023-04-14	22.122	ğŸŒ˜	Waning crescent
2023-04-15	23.133	ğŸŒ˜	Waning crescent
2023-04-16	24.222	ğŸŒ˜	Waning crescent
2023-04-17	25.233	ğŸŒ˜	Waning crescent
2023-04-18	26.245	ğŸŒ˜	Waning crescent
2023-04-19	27.333	ğŸŒ˜	Waning crescent
2023-04-20	 0.345	ğŸŒ‘	New moon
2023-04-21	 1.278	ğŸŒ’	Waxing crescent
2023-04-22	 2.289	ğŸŒ’	Waxing crescent
2023-04-23	 3.222	ğŸŒ’	Waxing crescent
2023-04-24	 4.156	ğŸŒ’	Waxing crescent
2023-04-25	 5.011	ğŸŒ’	Waxing crescent
2023-04-26	 5.945	ğŸŒ’	Waxing crescent
2023-04-27	 6.722	ğŸŒ’	Waxing crescent
2023-04-28	 7.578	ğŸŒ“	First quarter
2023-04-29	 8.433	ğŸŒ”	Waxing gibbous
2023-04-30	 9.289	ğŸŒ”	Waxing gibbous
2023-05-01	10.145	ğŸŒ”	Waxing gibbous
2023-05-02	11.000	ğŸŒ”	Waxing gibbous
2023-05-03	11.933	ğŸŒ”	Waxing gibbous
2023-05-04	12.867	ğŸŒ”	Waxing gibbous
2023-05-05	13.800	ğŸŒ”	Waxing gibbous
2023-05-06	14.811	ğŸŒ•	Full moon
2023-05-07	15.745	ğŸŒ–	Waning gibbous
2023-05-08	16.756	ğŸŒ–	Waning gibbous
2023-05-09	17.767	ğŸŒ–	Waning gibbous
2023-05-10	18.856	ğŸŒ–	Waning gibbous
2023-05-11	19.867	ğŸŒ–	Waning gibbous
2023-05-12	20.878	ğŸŒ–	Waning gibbous
2023-05-13	21.889	ğŸŒ—	Last quarter
2023-05-14	22.900	ğŸŒ˜	Waning crescent
2023-05-15	23.911	ğŸŒ˜	Waning crescent
2023-05-16	24.922	ğŸŒ˜	Waning crescent
2023-05-17	25.933	ğŸŒ˜	Waning crescent
2023-05-18	26.867	ğŸŒ˜	Waning crescent
2023-05-19	27.878	ğŸŒ˜	Waning crescent
2023-05-20	 0.811	ğŸŒ‘	New moon
2023-05-21	 1.745	ğŸŒ’	Waxing crescent
2023-05-22	 2.678	ğŸŒ’	Waxing crescent
2023-05-23	 3.533	ğŸŒ’	Waxing crescent
2023-05-24	 4.389	ğŸŒ’	Waxing crescent
2023-05-25	 5.245	ğŸŒ’	Waxing crescent
2023-05-26	 6.100	ğŸŒ’	Waxing crescent
2023-05-27	 6.956	ğŸŒ’	Waxing crescent
2023-05-28	 7.811	ğŸŒ“	First quarter
2023-05-29	 8.667	ğŸŒ”	Waxing gibbous
2023-05-30	 9.522	ğŸŒ”	Waxing gibbous
2023-05-31	10.456	ğŸŒ”	Waxing gibbous
2023-06-01	11.389	ğŸŒ”	Waxing gibbous
2023-06-02	12.322	ğŸŒ”	Waxing gibbous
2023-06-03	13.333	ğŸŒ”	Waxing gibbous
2023-06-04	14.345	ğŸŒ•	Full moon
2023-06-05	15.433	ğŸŒ–	Waning gibbous
2023-06-06	16.445	ğŸŒ–	Waning gibbous
2023-06-07	17.533	ğŸŒ–	Waning gibbous
2023-06-08	18.545	ğŸŒ–	Waning gibbous
2023-06-09	19.633	ğŸŒ–	Waning gibbous
2023-06-10	20.645	ğŸŒ–	Waning gibbous
2023-06-11	21.656	ğŸŒ—	Last quarter
2023-06-12	22.667	ğŸŒ˜	Waning crescent
2023-06-13	23.678	ğŸŒ˜	Waning crescent
2023-06-14	24.611	ğŸŒ˜	Waning crescent
2023-06-15	25.545	ğŸŒ˜	Waning crescent
2023-06-16	26.478	ğŸŒ˜	Waning crescent
2023-06-17	27.411	ğŸŒ˜	Waning crescent
2023-06-18	 0.345	ğŸŒ‘	New moon
2023-06-19	 1.200	ğŸŒ’	Waxing crescent
2023-06-20	 2.133	ğŸŒ’	Waxing crescent
2023-06-21	 2.989	ğŸŒ’	Waxing crescent
2023-06-22	 3.845	ğŸŒ’	Waxing crescent
2023-06-23	 4.622	ğŸŒ’	Waxing crescent
2023-06-24	 5.478	ğŸŒ’	Waxing crescent
2023-06-25	 6.333	ğŸŒ’	Waxing crescent
2023-06-26	 7.189	ğŸŒ“	First quarter
2023-06-27	 8.045	ğŸŒ”	Waxing gibbous
2023-06-28	 8.978	ğŸŒ”	Waxing gibbous
2023-06-29	 9.911	ğŸŒ”	Waxing gibbous
2023-06-30	10.922	ğŸŒ”	Waxing gibbous
2023-07-01	11.933	ğŸŒ”	Waxing gibbous
2023-07-02	12.945	ğŸŒ”	Waxing gibbous
2023-07-03	14.033	ğŸŒ•	Full moon
2023-07-04	15.045	ğŸŒ–	Waning gibbous
2023-07-05	16.133	ğŸŒ–	Waning gibbous
2023-07-06	17.222	ğŸŒ–	Waning gibbous
2023-07-07	18.311	ğŸŒ–	Waning gibbous
2023-07-08	19.400	ğŸŒ–	Waning gibbous
2023-07-09	20.411	ğŸŒ–	Waning gibbous
2023-07-10	21.422	ğŸŒ—	Last quarter
2023-07-11	22.356	ğŸŒ˜	Waning crescent
2023-07-12	23.367	ğŸŒ˜	Waning crescent
2023-07-13	24.300	ğŸŒ˜	Waning crescent
2023-07-14	25.156	ğŸŒ˜	Waning crescent
2023-07-15	26.089	ğŸŒ˜	Waning crescent
2023-07-16	26.945	ğŸŒ˜	Waning crescent
2023-07-17	27.878	ğŸŒ˜	Waning crescent
2023-07-18	 0.733	ğŸŒ‘	New moon
2023-07-19	 1.589	ğŸŒ’	Waxing crescent
2023-07-20	 2.367	ğŸŒ’	Waxing crescent
2023-07-21	 3.222	ğŸŒ’	Waxing crescent
2023-07-22	 4.078	ğŸŒ’	Waxing crescent
2023-07-23	 4.933	ğŸŒ’	Waxing crescent
2023-07-24	 5.789	ğŸŒ’	Waxing crescent
2023-07-25	 6.645	ğŸŒ’	Waxing crescent
2023-07-26	 7.578	ğŸŒ“	First quarter
2023-07-27	 8.511	ğŸŒ”	Waxing gibbous
2023-07-28	 9.445	ğŸŒ”	Waxing gibbous
2023-07-29	10.456	ğŸŒ”	Waxing gibbous
2023-07-30	11.467	ğŸŒ”	Waxing gibbous
2023-07-31	12.556	ğŸŒ”	Waxing gibbous
2023-08-01	13.645	ğŸŒ”	Waxing gibbous
2023-08-02	14.733	ğŸŒ•	Full moon
2023-08-03	15.822	ğŸŒ–	Waning gibbous
2023-08-04	16.911	ğŸŒ–	Waning gibbous
2023-08-05	18.000	ğŸŒ–	Waning gibbous
2023-08-06	19.089	ğŸŒ–	Waning gibbous
2023-08-07	20.100	ğŸŒ–	Waning gibbous
2023-08-08	21.111	ğŸŒ—	Last quarter
2023-08-09	22.045	ğŸŒ˜	Waning crescent
2023-08-10	22.978	ğŸŒ˜	Waning crescent
2023-08-11	23.833	ğŸŒ˜	Waning crescent
2023-08-12	24.767	ğŸŒ˜	Waning crescent
2023-08-13	25.622	ğŸŒ˜	Waning crescent
2023-08-14	26.478	ğŸŒ˜	Waning crescent
2023-08-15	27.333	ğŸŒ˜	Waning crescent
2023-08-16	 0.189	ğŸŒ‘	New moon
2023-08-17	 0.967	ğŸŒ’	Waxing crescent
2023-08-18	 1.822	ğŸŒ’	Waxing crescent
2023-08-19	 2.678	ğŸŒ’	Waxing crescent
2023-08-20	 3.533	ğŸŒ’	Waxing crescent
2023-08-21	 4.389	ğŸŒ’	Waxing crescent
2023-08-22	 5.322	ğŸŒ’	Waxing crescent
2023-08-23	 6.178	ğŸŒ’	Waxing crescent
2023-08-24	 7.111	ğŸŒ“	First quarter
2023-08-25	 8.045	ğŸŒ”	Waxing gibbous
2023-08-26	 9.056	ğŸŒ”	Waxing gibbous
2023-08-27	10.067	ğŸŒ”	Waxing gibbous
2023-08-28	11.156	ğŸŒ”	Waxing gibbous
2023-08-29	12.245	ğŸŒ”	Waxing gibbous
2023-08-30	13.333	ğŸŒ”	Waxing gibbous
2023-08-31	14.422	ğŸŒ•	Full moon
2023-09-01	15.511	ğŸŒ–	Waning gibbous
2023-09-02	16.600	ğŸŒ–	Waning gibbous
2023-09-03	17.611	ğŸŒ–	Waning gibbous
2023-09-04	18.700	ğŸŒ–	Waning gibbous
2023-09-05	19.711	ğŸŒ–	Waning gibbous
2023-09-06	20.645	ğŸŒ–	Waning gibbous
2023-09-07	21.578	ğŸŒ—	Last quarter
2023-09-08	22.511	ğŸŒ˜	Waning crescent
2023-09-09	23.367	ğŸŒ˜	Waning crescent
2023-09-10	24.222	ğŸŒ˜	Waning crescent
2023-09-11	25.078	ğŸŒ˜	Waning crescent
2023-09-12	25.933	ğŸŒ˜	Waning crescent
2023-09-13	26.711	ğŸŒ˜	Waning crescent
2023-09-14	27.567	ğŸŒ˜	Waning crescent
2023-09-15	 0.422	ğŸŒ‘	New moon
2023-09-16	 1.278	ğŸŒ’	Waxing crescent
2023-09-17	 2.133	ğŸŒ’	Waxing crescent
2023-09-18	 3.067	ğŸŒ’	Waxing crescent
2023-09-19	 3.922	ğŸŒ’	Waxing crescent
2023-09-20	 4.856	ğŸŒ’	Waxing crescent
2023-09-21	 5.789	ğŸŒ’	Waxing crescent
2023-09-22	 6.722	ğŸŒ’	Waxing crescent
2023-09-23	 7.733	ğŸŒ“	First quarter
2023-09-24	 8.745	ğŸŒ”	Waxing gibbous
2023-09-25	 9.756	ğŸŒ”	Waxing gibbous
2023-09-26	10.767	ğŸŒ”	Waxing gibbous
2023-09-27	11.856	ğŸŒ”	Waxing gibbous
2023-09-28	12.945	ğŸŒ”	Waxing gibbous
2023-09-29	14.033	ğŸŒ•	Full moon
2023-09-30	15.122	ğŸŒ–	Waning gibbous
2023-10-01	16.133	ğŸŒ–	Waning gibbous
2023-10-02	17.222	ğŸŒ–	Waning gibbous
2023-10-03	18.233	ğŸŒ–	Waning gibbous
2023-10-04	19.167	ğŸŒ–	Waning gibbous
2023-10-05	20.100	ğŸŒ–	Waning gibbous
2023-10-06	21.033	ğŸŒ—	Last quarter
2023-10-07	21.889	ğŸŒ˜	Waning crescent
2023-10-08	22.745	ğŸŒ˜	Waning crescent
2023-10-09	23.600	ğŸŒ˜	Waning crescent
2023-10-10	24.456	ğŸŒ˜	Waning crescent
2023-10-11	25.233	ğŸŒ˜	Waning crescent
2023-10-12	26.089	ğŸŒ˜	Waning crescent
2023-10-13	26.945	ğŸŒ˜	Waning crescent
2023-10-14	27.800	ğŸŒ˜	Waning crescent
2023-10-15	 0.733	ğŸŒ‘	New moon
2023-10-16	 1.589	ğŸŒ’	Waxing crescent
2023-10-17	 2.522	ğŸŒ’	Waxing crescent
2023-10-18	 3.456	ğŸŒ’	Waxing crescent
2023-10-19	 4.467	ğŸŒ’	Waxing crescent
2023-10-20	 5.400	ğŸŒ’	Waxing crescent
2023-10-21	 6.411	ğŸŒ’	Waxing crescent
2023-10-22	 7.345	ğŸŒ“	First quarter
2023-10-23	 8.356	ğŸŒ”	Waxing gibbous
2023-10-24	 9.445	ğŸŒ”	Waxing gibbous
2023-10-25	10.456	ğŸŒ”	Waxing gibbous
2023-10-26	11.467	ğŸŒ”	Waxing gibbous
2023-10-27	12.556	ğŸŒ”	Waxing gibbous
2023-10-28	13.567	ğŸŒ”	Waxing gibbous
2023-10-29	14.656	ğŸŒ•	Full moon
2023-10-30	15.667	ğŸŒ–	Waning gibbous
2023-10-31	16.678	ğŸŒ–	Waning gibbous
2023-11-01	17.611	ğŸŒ–	Waning gibbous
2023-11-02	18.545	ğŸŒ–	Waning gibbous
2023-11-03	19.478	ğŸŒ–	Waning gibbous
2023-11-04	20.333	ğŸŒ–	Waning gibbous
2023-11-05	21.189	ğŸŒ—	Last quarter
2023-11-06	22.045	ğŸŒ˜	Waning crescent
2023-11-07	22.900	ğŸŒ˜	Waning crescent
2023-11-08	23.756	ğŸŒ˜	Waning crescent
2023-11-09	24.533	ğŸŒ˜	Waning crescent
2023-11-10	25.389	ğŸŒ˜	Waning crescent
2023-11-11	26.322	ğŸŒ˜	Waning crescent
2023-11-12	27.178	ğŸŒ˜	Waning crescent
2023-11-13	 0.111	ğŸŒ‘	New moon
2023-11-14	 1.045	ğŸŒ’	Waxing crescent
2023-11-15	 2.056	ğŸŒ’	Waxing crescent
2023-11-16	 3.067	ğŸŒ’	Waxing crescent
2023-11-17	 4.000	ğŸŒ’	Waxing crescent
2023-11-18	 5.011	ğŸŒ’	Waxing crescent
2023-11-19	 6.022	ğŸŒ’	Waxing crescent
2023-11-20	 7.033	ğŸŒ“	First quarter
2023-11-21	 8.045	ğŸŒ”	Waxing gibbous
2023-11-22	 9.056	ğŸŒ”	Waxing gibbous
2023-11-23	10.067	ğŸŒ”	Waxing gibbous
2023-11-24	11.078	ğŸŒ”	Waxing gibbous
2023-11-25	12.089	ğŸŒ”	Waxing gibbous
2023-11-26	13.100	ğŸŒ”	Waxing gibbous
2023-11-27	14.111	ğŸŒ•	Full moon
2023-11-28	15.122	ğŸŒ–	Waning gibbous
2023-11-29	16.056	ğŸŒ–	Waning gibbous
2023-11-30	16.989	ğŸŒ–	Waning gibbous
2023-12-01	17.845	ğŸŒ–	Waning gibbous
2023-12-02	18.778	ğŸŒ–	Waning gibbous
2023-12-03	19.633	ğŸŒ–	Waning gibbous
2023-12-04	20.489	ğŸŒ–	Waning gibbous
2023-12-05	21.267	ğŸŒ—	Last quarter
2023-12-06	22.122	ğŸŒ˜	Waning crescent
2023-12-07	22.978	ğŸŒ˜	Waning crescent
2023-12-08	23.833	ğŸŒ˜	Waning crescent
2023-12-09	24.689	ğŸŒ˜	Waning crescent
2023-12-10	25.622	ğŸŒ˜	Waning crescent
2023-12-11	26.556	ğŸŒ˜	Waning crescent
2023-12-12	27.567	ğŸŒ˜	Waning crescent
2023-12-13	 0.500	ğŸŒ‘	New moon
2023-12-14	 1.511	ğŸŒ’	Waxing crescent
2023-12-15	 2.600	ğŸŒ’	Waxing crescent
2023-12-16	 3.611	ğŸŒ’	Waxing crescent
2023-12-17	 4.622	ğŸŒ’	Waxing crescent
2023-12-18	 5.633	ğŸŒ’	Waxing crescent
2023-12-19	 6.722	ğŸŒ’	Waxing crescent
2023-12-20	 7.733	ğŸŒ“	First quarter
2023-12-21	 8.745	ğŸŒ”	Waxing gibbous
2023-12-22	 9.678	ğŸŒ”	Waxing gibbous
2023-12-23	10.689	ğŸŒ”	Waxing gibbous
2023-12-24	11.700	ğŸŒ”	Waxing gibbous
2023-12-25	12.633	ğŸŒ”	Waxing gibbous
2023-12-26	13.567	ğŸŒ”	Waxing gibbous
2023-12-27	14.500	ğŸŒ•	Full moon
2023-12-28	15.433	ğŸŒ–	Waning gibbous
2023-12-29	16.289	ğŸŒ–	Waning gibbous
2023-12-30	17.145	ğŸŒ–	Waning gibbous
2023-12-31	18.000	ğŸŒ–	Waning gibbous
2024-01-01	18.856	ğŸŒ–	Waning gibbous
2024-01-02	19.711	ğŸŒ–	Waning gibbous
2024-01-03	20.489	ğŸŒ–	Waning gibbous
2024-01-04	21.345	ğŸŒ—	Last quarter
2024-01-05	22.200	ğŸŒ˜	Waning crescent
2024-01-06	23.133	ğŸŒ˜	Waning crescent
2024-01-07	23.989	ğŸŒ˜	Waning crescent
2024-01-08	24.922	ğŸŒ˜	Waning crescent
2024-01-09	25.933	ğŸŒ˜	Waning crescent
2024-01-10	26.945	ğŸŒ˜	Waning crescent
2024-01-11	27.956	ğŸŒ˜	Waning crescent
2024-01-12	 1.045	ğŸŒ’	Waxing crescent
2024-01-13	 2.133	ğŸŒ’	Waxing crescent
2024-01-14	 3.145	ğŸŒ’	Waxing crescent
2024-01-15	 4.233	ğŸŒ’	Waxing crescent
2024-01-16	 5.245	ğŸŒ’	Waxing crescent
2024-01-17	 6.333	ğŸŒ’	Waxing crescent
2024-01-18	 7.345	ğŸŒ“	First quarter
2024-01-19	 8.278	ğŸŒ”	Waxing gibbous
2024-01-20	 9.289	ğŸŒ”	Waxing gibbous
2024-01-21	10.222	ğŸŒ”	Waxing gibbous
2024-01-22	11.156	ğŸŒ”	Waxing gibbous
2024-01-23	12.089	ğŸŒ”	Waxing gibbous
2024-01-24	12.945	ğŸŒ”	Waxing gibbous
2024-01-25	13.878	ğŸŒ”	Waxing gibbous
2024-01-26	14.733	ğŸŒ•	Full moon
2024-01-27	15.589	ğŸŒ–	Waning gibbous
2024-01-28	16.445	ğŸŒ–	Waning gibbous
2024-01-29	17.300	ğŸŒ–	Waning gibbous
2024-01-30	18.078	ğŸŒ–	Waning gibbous
2024-01-31	18.933	ğŸŒ–	Waning gibbous
2024-02-01	19.789	ğŸŒ–	Waning gibbous
2024-02-02	20.645	ğŸŒ–	Waning gibbous
2024-02-03	21.500	ğŸŒ—	Last quarter
2024-02-04	22.433	ğŸŒ˜	Waning crescent
2024-02-05	23.367	ğŸŒ˜	Waning crescent
2024-02-06	24.378	ğŸŒ˜	Waning crescent
2024-02-07	25.389	ğŸŒ˜	Waning crescent
2024-02-08	26.400	ğŸŒ˜	Waning crescent
2024-02-09	27.489	ğŸŒ˜	Waning crescent
2024-02-10	 0.578	ğŸŒ‘	New moon
2024-02-11	 1.667	ğŸŒ’	Waxing crescent
2024-02-12	 2.756	ğŸŒ’	Waxing crescent
2024-02-13	 3.767	ğŸŒ’	Waxing crescent
2024-02-14	 4.856	ğŸŒ’	Waxing crescent
2024-02-15	 5.867	ğŸŒ’	Waxing crescent
2024-02-16	 6.878	ğŸŒ’	Waxing crescent
2024-02-17	 7.889	ğŸŒ“	First quarter
2024-02-18	 8.822	ğŸŒ”	Waxing gibbous
2024-02-19	 9.678	ğŸŒ”	Waxing gibbous
2024-02-20	10.611	ğŸŒ”	Waxing gibbous
2024-02-21	11.467	ğŸŒ”	Waxing gibbous
2024-02-22	12.322	ğŸŒ”	Waxing gibbous
2024-02-23	13.178	ğŸŒ”	Waxing gibbous
2024-02-24	14.033	ğŸŒ•	Full moon
2024-02-25	14.889	ğŸŒ–	Waning gibbous
2024-02-26	15.745	ğŸŒ–	Waning gibbous
2024-02-27	16.600	ğŸŒ–	Waning gibbous
2024-02-28	17.378	ğŸŒ–	Waning gibbous
2024-02-29	18.233	ğŸŒ–	Waning gibbous
2024-03-01	19.089	ğŸŒ–	Waning gibbous
2024-03-02	20.022	ğŸŒ–	Waning gibbous
2024-03-03	20.878	ğŸŒ–	Waning gibbous
2024-03-04	21.811	ğŸŒ—	Last quarter
2024-03-05	22.822	ğŸŒ˜	Waning crescent
2024-03-06	23.833	ğŸŒ˜	Waning crescent
2024-03-07	24.845	ğŸŒ˜	Waning crescent
2024-03-08	25.933	ğŸŒ˜	Waning crescent
2024-03-09	27.022	ğŸŒ˜	Waning crescent
2024-03-10	 0.111	ğŸŒ‘	New moon
2024-03-11	 1.200	ğŸŒ’	Waxing crescent
2024-03-12	 2.289	ğŸŒ’	Waxing crescent
2024-03-13	 3.378	ğŸŒ’	Waxing crescent
2024-03-14	 4.389	ğŸŒ’	Waxing crescent
2024-03-15	 5.400	ğŸŒ’	Waxing crescent
2024-03-16	 6.411	ğŸŒ’	Waxing crescent
2024-03-17	 7.345	ğŸŒ“	First quarter
2024-03-18	 8.278	ğŸŒ”	Waxing gibbous
2024-03-19	 9.133	ğŸŒ”	Waxing gibbous
2024-03-20	 9.989	ğŸŒ”	Waxing gibbous
2024-03-21	10.845	ğŸŒ”	Waxing gibbous
2024-03-22	11.700	ğŸŒ”	Waxing gibbous
2024-03-23	12.556	ğŸŒ”	Waxing gibbous
2024-03-24	13.411	ğŸŒ”	Waxing gibbous
2024-03-25	14.267	ğŸŒ•	Full moon
2024-03-26	15.122	ğŸŒ–	Waning gibbous
2024-03-27	15.900	ğŸŒ–	Waning gibbous
2024-03-28	16.833	ğŸŒ–	Waning gibbous
2024-03-29	17.689	ğŸŒ–	Waning gibbous
2024-03-30	18.545	ğŸŒ–	Waning gibbous
2024-03-31	19.478	ğŸŒ–	Waning gibbous
2024-04-01	20.411	ğŸŒ–	Waning gibbous
2024-04-02	21.345	ğŸŒ—	Last quarter
2024-04-03	22.356	ğŸŒ˜	Waning crescent
2024-04-04	23.367	ğŸŒ˜	Waning crescent
2024-04-05	24.456	ğŸŒ˜	Waning crescent
2024-04-06	25.467	ğŸŒ˜	Waning crescent
2024-04-07	26.556	ğŸŒ˜	Waning crescent
2024-04-08	27.645	ğŸŒ˜	Waning crescent
2024-04-09	 0.733	ğŸŒ‘	New moon
2024-04-10	 1.822	ğŸŒ’	Waxing crescent
2024-04-11	 2.911	ğŸŒ’	Waxing crescent
2024-04-12	 3.922	ğŸŒ’	Waxing crescent
2024-04-13	 4.933	ğŸŒ’	Waxing crescent
2024-04-14	 5.867	ğŸŒ’	Waxing crescent
2024-04-15	 6.800	ğŸŒ’	Waxing crescent
2024-04-16	 7.733	ğŸŒ“	First quarter
2024-04-17	 8.589	ğŸŒ”	Waxing gibbous
2024-04-18	 9.445	ğŸŒ”	Waxing gibbous
2024-04-19	10.222	ğŸŒ”	Waxing gibbous
2024-04-20	11.078	ğŸŒ”	Waxing gibbous
2024-04-21	11.933	ğŸŒ”	Waxing gibbous
2024-04-22	12.789	ğŸŒ”	Waxing gibbous
2024-04-23	13.645	ğŸŒ”	Waxing gibbous
2024-04-24	14.500	ğŸŒ•	Full moon
2024-04-25	15.356	ğŸŒ–	Waning gibbous
2024-04-26	16.289	ğŸŒ–	Waning gibbous
2024-04-27	17.222	ğŸŒ–	Waning gibbous
2024-04-28	18.156	ğŸŒ–	Waning gibbous
2024-04-29	19.089	ğŸŒ–	Waning gibbous
2024-04-30	20.022	ğŸŒ–	Waning gibbous
2024-05-01	21.033	ğŸŒ—	Last quarter
2024-05-02	22.045	ğŸŒ˜	Waning crescent
2024-05-03	23.056	ğŸŒ˜	Waning crescent
2024-05-04	24.067	ğŸŒ˜	Waning crescent
2024-05-05	25.156	ğŸŒ˜	Waning crescent
2024-05-06	26.245	ğŸŒ˜	Waning crescent
2024-05-07	27.256	ğŸŒ˜	Waning crescent
2024-05-08	 0.345	ğŸŒ‘	New moon
2024-05-09	 1.433	ğŸŒ’	Waxing crescent
2024-05-10	 2.445	ğŸŒ’	Waxing crescent
2024-05-11	 3.456	ğŸŒ’	Waxing crescent
2024-05-12	 4.389	ğŸŒ’	Waxing crescent
2024-05-13	 5.322	ğŸŒ’	Waxing crescent
2024-05-14	 6.256	ğŸŒ’	Waxing crescent
2024-05-15	 7.111	ğŸŒ“	First quarter
2024-05-16	 7.967	ğŸŒ”	Waxing gibbous
2024-05-17	 8.822	ğŸŒ”	Waxing gibbous
2024-05-18	 9.600	ğŸŒ”	Waxing gibbous
2024-05-19	10.456	ğŸŒ”	Waxing gibbous
2024-05-20	11.311	ğŸŒ”	Waxing gibbous
2024-05-21	12.167	ğŸŒ”	Waxing gibbous
2024-05-22	13.100	ğŸŒ”	Waxing gibbous
2024-05-23	13.956	ğŸŒ”	Waxing gibbous
2024-05-24	14.889	ğŸŒ•	Full moon
2024-05-25	15.822	ğŸŒ–	Waning gibbous
2024-05-26	16.833	ğŸŒ–	Waning gibbous
2024-05-27	17.767	ğŸŒ–	Waning gibbous
2024-05-28	18.778	ğŸŒ–	Waning gibbous
2024-05-29	19.789	ğŸŒ–	Waning gibbous
2024-05-30	20.800	ğŸŒ–	Waning gibbous
2024-05-31	21.811	ğŸŒ—	Last quarter
2024-06-01	22.822	ğŸŒ˜	Waning crescent
2024-06-02	23.833	ğŸŒ˜	Waning crescent
2024-06-03	24.845	ğŸŒ˜	Waning crescent
2024-06-04	25.933	ğŸŒ˜	Waning crescent
2024-06-05	26.945	ğŸŒ˜	Waning crescent
2024-06-06	27.956	ğŸŒ˜	Waning crescent
2024-06-07	 0.967	ğŸŒ‘	New moon
2024-06-08	 1.978	ğŸŒ’	Waxing crescent
2024-06-09	 2.911	ğŸŒ’	Waxing crescent
2024-06-10	 3.845	ğŸŒ’	Waxing crescent
2024-06-11	 4.778	ğŸŒ’	Waxing crescent
2024-06-12	 5.633	ğŸŒ’	Waxing crescent
2024-06-13	 6.489	ğŸŒ’	Waxing crescent
2024-06-14	 7.345	ğŸŒ“	First quarter
2024-06-15	 8.122	ğŸŒ”	Waxing gibbous
2024-06-16	 8.978	ğŸŒ”	Waxing gibbous
2024-06-17	 9.833	ğŸŒ”	Waxing gibbous
2024-06-18	10.689	ğŸŒ”	Waxing gibbous
2024-06-19	11.622	ğŸŒ”	Waxing gibbous
2024-06-20	12.556	ğŸŒ”	Waxing gibbous
2024-06-21	13.489	ğŸŒ”	Waxing gibbous
2024-06-22	14.500	ğŸŒ•	Full moon
2024-06-23	15.433	ğŸŒ–	Waning gibbous
2024-06-24	16.445	ğŸŒ–	Waning gibbous
2024-06-25	17.456	ğŸŒ–	Waning gibbous
2024-06-26	18.545	ğŸŒ–	Waning gibbous
2024-06-27	19.556	ğŸŒ–	Waning gibbous
2024-06-28	20.567	ğŸŒ–	Waning gibbous
2024-06-29	21.578	ğŸŒ—	Last quarter
2024-06-30	22.589	ğŸŒ˜	Waning crescent
2024-07-01	23.600	ğŸŒ˜	Waning crescent
2024-07-02	24.611	ğŸŒ˜	Waning crescent
2024-07-03	25.622	ğŸŒ˜	Waning crescent
2024-07-04	26.633	ğŸŒ˜	Waning crescent
2024-07-05	27.567	ğŸŒ˜	Waning crescent
2024-07-06	 0.500	ğŸŒ‘	New moon
2024-07-07	 1.511	ğŸŒ’	Waxing crescent
2024-07-08	 2.367	ğŸŒ’	Waxing crescent
2024-07-09	 3.300	ğŸŒ’	Waxing crescent
2024-07-10	 4.156	ğŸŒ’	Waxing crescent
2024-07-11	 5.011	ğŸŒ’	Waxing crescent
2024-07-12	 5.867	ğŸŒ’	Waxing crescent
2024-07-13	 6.722	ğŸŒ’	Waxing crescent
2024-07-14	 7.500	ğŸŒ“	First quarter
2024-07-15	 8.356	ğŸŒ”	Waxing gibbous
2024-07-16	 9.289	ğŸŒ”	Waxing gibbous
2024-07-17	10.145	ğŸŒ”	Waxing gibbous
2024-07-18	11.078	ğŸŒ”	Waxing gibbous
2024-07-19	12.089	ğŸŒ”	Waxing gibbous
2024-07-20	13.022	ğŸŒ”	Waxing gibbous
2024-07-21	14.033	ğŸŒ•	Full moon
2024-07-22	15.122	ğŸŒ–	Waning gibbous
2024-07-23	16.133	ğŸŒ–	Waning gibbous
2024-07-24	17.222	ğŸŒ–	Waning gibbous
2024-07-25	18.233	ğŸŒ–	Waning gibbous
2024-07-26	19.322	ğŸŒ–	Waning gibbous
2024-07-27	20.333	ğŸŒ–	Waning gibbous
2024-07-28	21.345	ğŸŒ—	Last quarter
2024-07-29	22.356	ğŸŒ˜	Waning crescent
2024-07-30	23.367	ğŸŒ˜	Waning crescent
2024-07-31	24.378	ğŸŒ˜	Waning crescent
2024-08-01	25.311	ğŸŒ˜	Waning crescent
2024-08-02	26.245	ğŸŒ˜	Waning crescent
2024-08-03	27.178	ğŸŒ˜	Waning crescent
2024-08-04	 0.111	ğŸŒ‘	New moon
2024-08-05	 0.967	ğŸŒ’	Waxing crescent
2024-08-06	 1.822	ğŸŒ’	Waxing crescent
2024-08-07	 2.756	ğŸŒ’	Waxing crescent
2024-08-08	 3.533	ğŸŒ’	Waxing crescent
2024-08-09	 4.389	ğŸŒ’	Waxing crescent
2024-08-10	 5.245	ğŸŒ’	Waxing crescent
2024-08-11	 6.100	ğŸŒ’	Waxing crescent
2024-08-12	 6.956	ğŸŒ’	Waxing crescent
2024-08-13	 7.811	ğŸŒ“	First quarter
2024-08-14	 8.667	ğŸŒ”	Waxing gibbous
2024-08-15	 9.600	ğŸŒ”	Waxing gibbous
2024-08-16	10.611	ğŸŒ”	Waxing gibbous
2024-08-17	11.622	ğŸŒ”	Waxing gibbous
2024-08-18	12.633	ğŸŒ”	Waxing gibbous
2024-08-19	13.645	ğŸŒ”	Waxing gibbous
2024-08-20	14.733	ğŸŒ•	Full moon
2024-08-21	15.822	ğŸŒ–	Waning gibbous
2024-08-22	16.911	ğŸŒ–	Waning gibbous
2024-08-23	18.000	ğŸŒ–	Waning gibbous
2024-08-24	19.011	ğŸŒ–	Waning gibbous
2024-08-25	20.100	ğŸŒ–	Waning gibbous
2024-08-26	21.111	ğŸŒ—	Last quarter
2024-08-27	22.122	ğŸŒ˜	Waning crescent
2024-08-28	23.056	ğŸŒ˜	Waning crescent
2024-08-29	23.989	ğŸŒ˜	Waning crescent
2024-08-30	24.922	ğŸŒ˜	Waning crescent
2024-08-31	25.856	ğŸŒ˜	Waning crescent
2024-09-01	26.711	ğŸŒ˜	Waning crescent
2024-09-02	27.567	ğŸŒ˜	Waning crescent
2024-09-03	 0.422	ğŸŒ‘	New moon
2024-09-04	 1.278	ğŸŒ’	Waxing crescent
2024-09-05	 2.133	ğŸŒ’	Waxing crescent
2024-09-06	 2.989	ğŸŒ’	Waxing crescent
2024-09-07	 3.845	ğŸŒ’	Waxing crescent
2024-09-08	 4.622	ğŸŒ’	Waxing crescent
2024-09-09	 5.478	ğŸŒ’	Waxing crescent
2024-09-10	 6.333	ğŸŒ’	Waxing crescent
2024-09-11	 7.267	ğŸŒ“	First quarter
2024-09-12	 8.200	ğŸŒ”	Waxing gibbous
2024-09-13	 9.133	ğŸŒ”	Waxing gibbous
2024-09-14	10.145	ğŸŒ”	Waxing gibbous
2024-09-15	11.156	ğŸŒ”	Waxing gibbous
2024-09-16	12.167	ğŸŒ”	Waxing gibbous
2024-09-17	13.256	ğŸŒ”	Waxing gibbous
2024-09-18	14.345	ğŸŒ•	Full moon
2024-09-19	15.433	ğŸŒ–	Waning gibbous
2024-09-20	16.600	ğŸŒ–	Waning gibbous
2024-09-21	17.611	ğŸŒ–	Waning gibbous
2024-09-22	18.700	ğŸŒ–	Waning gibbous
2024-09-23	19.711	ğŸŒ–	Waning gibbous
2024-09-24	20.722	ğŸŒ–	Waning gibbous
2024-09-25	21.733	ğŸŒ—	Last quarter
2024-09-26	22.667	ğŸŒ˜	Waning crescent
2024-09-27	23.522	ğŸŒ˜	Waning crescent
2024-09-28	24.456	ğŸŒ˜	Waning crescent
2024-09-29	25.311	ğŸŒ˜	Waning crescent
2024-09-30	26.167	ğŸŒ˜	Waning crescent
2024-10-01	27.022	ğŸŒ˜	Waning crescent
2024-10-02	27.878	ğŸŒ˜	Waning crescent
2024-10-03	 0.656	ğŸŒ‘	New moon
2024-10-04	 1.511	ğŸŒ’	Waxing crescent
2024-10-05	 2.367	ğŸŒ’	Waxing crescent
2024-10-06	 3.222	ğŸŒ’	Waxing crescent
2024-10-07	 4.078	ğŸŒ’	Waxing crescent
2024-10-08	 4.933	ğŸŒ’	Waxing crescent
2024-10-09	 5.867	ğŸŒ’	Waxing crescent
2024-10-10	 6.800	ğŸŒ’	Waxing crescent
2024-10-11	 7.733	ğŸŒ“	First quarter
2024-10-12	 8.667	ğŸŒ”	Waxing gibbous
2024-10-13	 9.678	ğŸŒ”	Waxing gibbous
2024-10-14	10.689	ğŸŒ”	Waxing gibbous
2024-10-15	11.778	ğŸŒ”	Waxing gibbous
2024-10-16	12.867	ğŸŒ”	Waxing gibbous
2024-10-17	13.956	ğŸŒ”	Waxing gibbous
2024-10-18	15.045	ğŸŒ–	Waning gibbous
2024-10-19	16.133	ğŸŒ–	Waning gibbous
2024-10-20	17.222	ğŸŒ–	Waning gibbous
2024-10-21	18.233	ğŸŒ–	Waning gibbous
2024-10-22	19.245	ğŸŒ–	Waning gibbous
2024-10-23	20.256	ğŸŒ–	Waning gibbous
2024-10-24	21.189	ğŸŒ—	Last quarter
2024-10-25	22.122	ğŸŒ˜	Waning crescent
2024-10-26	22.978	ğŸŒ˜	Waning crescent
2024-10-27	23.833	ğŸŒ˜	Waning crescent
2024-10-28	24.689	ğŸŒ˜	Waning crescent
2024-10-29	25.545	ğŸŒ˜	Waning crescent
2024-10-30	26.400	ğŸŒ˜	Waning crescent
2024-10-31	27.178	ğŸŒ˜	Waning crescent
2024-11-01	 0.033	ğŸŒ‘	New moon
2024-11-02	 0.889	ğŸŒ’	Waxing crescent
2024-11-03	 1.745	ğŸŒ’	Waxing crescent
2024-11-04	 2.678	ğŸŒ’	Waxing crescent
2024-11-05	 3.533	ğŸŒ’	Waxing crescent
2024-11-06	 4.467	ğŸŒ’	Waxing crescent
2024-11-07	 5.322	ğŸŒ’	Waxing crescent
2024-11-08	 6.333	ğŸŒ’	Waxing crescent
2024-11-09	 7.267	ğŸŒ“	First quarter
2024-11-10	 8.278	ğŸŒ”	Waxing gibbous
2024-11-11	 9.289	ğŸŒ”	Waxing gibbous
2024-11-12	10.300	ğŸŒ”	Waxing gibbous
2024-11-13	11.389	ğŸŒ”	Waxing gibbous
2024-11-14	12.478	ğŸŒ”	Waxing gibbous
2024-11-15	13.489	ğŸŒ”	Waxing gibbous
2024-11-16	14.578	ğŸŒ•	Full moon
2024-11-17	15.667	ğŸŒ–	Waning gibbous
2024-11-18	16.678	ğŸŒ–	Waning gibbous
2024-11-19	17.689	ğŸŒ–	Waning gibbous
2024-11-20	18.700	ğŸŒ–	Waning gibbous
2024-11-21	19.633	ğŸŒ–	Waning gibbous
2024-11-22	20.567	ğŸŒ–	Waning gibbous
2024-11-23	21.422	ğŸŒ—	Last quarter
2024-11-24	22.356	ğŸŒ˜	Waning crescent
2024-11-25	23.133	ğŸŒ˜	Waning crescent
2024-11-26	23.989	ğŸŒ˜	Waning crescent
2024-11-27	24.845	ğŸŒ˜	Waning crescent
2024-11-28	25.700	ğŸŒ˜	Waning crescent
2024-11-29	26.556	ğŸŒ˜	Waning crescent
2024-11-30	27.411	ğŸŒ˜	Waning crescent
2024-12-01	 0.267	ğŸŒ‘	New moon
2024-12-02	 1.122	ğŸŒ’	Waxing crescent
2024-12-03	 2.056	ğŸŒ’	Waxing crescent
2024-12-04	 2.989	ğŸŒ’	Waxing crescent
2024-12-05	 3.922	ğŸŒ’	Waxing crescent
2024-12-06	 4.933	ğŸŒ’	Waxing crescent
2024-12-07	 5.867	ğŸŒ’	Waxing crescent
2024-12-08	 6.878	ğŸŒ’	Waxing crescent
2024-12-09	 7.889	ğŸŒ“	First quarter
2024-12-10	 8.900	ğŸŒ”	Waxing gibbous
2024-12-11	 9.911	ğŸŒ”	Waxing gibbous
2024-12-12	11.000	ğŸŒ”	Waxing gibbous
2024-12-13	12.011	ğŸŒ”	Waxing gibbous
2024-12-14	13.100	ğŸŒ”	Waxing gibbous
2024-12-15	14.111	ğŸŒ•	Full moon
2024-12-16	15.122	ğŸŒ–	Waning gibbous
2024-12-17	16.133	ğŸŒ–	Waning gibbous
2024-12-18	17.145	ğŸŒ–	Waning gibbous
2024-12-19	18.078	ğŸŒ–	Waning gibbous
2024-12-20	19.011	ğŸŒ–	Waning gibbous
2024-12-21	19.867	ğŸŒ–	Waning gibbous
2024-12-22	20.722	ğŸŒ–	Waning gibbous
2024-12-23	21.578	ğŸŒ—	Last quarter
2024-12-24	22.433	ğŸŒ˜	Waning crescent
2024-12-25	23.211	ğŸŒ˜	Waning crescent
2024-12-26	24.067	ğŸŒ˜	Waning crescent
2024-12-27	24.922	ğŸŒ˜	Waning crescent
2024-12-28	25.778	ğŸŒ˜	Waning crescent
2024-12-29	26.711	ğŸŒ˜	Waning crescent
2024-12-30	27.645	ğŸŒ˜	Waning crescent
2024-12-31	 0.578	ğŸŒ‘	New moon
2025-01-01	 1.511	ğŸŒ’	Waxing crescent
2025-01-02	 2.522	ğŸŒ’	Waxing crescent
2025-01-03	 3.456	ğŸŒ’	Waxing crescent
2025-01-04	 4.467	ğŸŒ’	Waxing crescent
2025-01-05	 5.478	ğŸŒ’	Waxing crescent
2025-01-06	 6.489	ğŸŒ’	Waxing crescent
2025-01-07	 7.500	ğŸŒ“	First quarter
2025-01-08	 8.511	ğŸŒ”	Waxing gibbous
2025-01-09	 9.522	ğŸŒ”	Waxing gibbous
2025-01-10	10.533	ğŸŒ”	Waxing gibbous
2025-01-11	11.545	ğŸŒ”	Waxing gibbous
2025-01-12	12.556	ğŸŒ”	Waxing gibbous
2025-01-13	13.567	ğŸŒ”	Waxing gibbous
2025-01-14	14.578	ğŸŒ•	Full moon
2025-01-15	15.511	ğŸŒ–	Waning gibbous
2025-01-16	16.445	ğŸŒ–	Waning gibbous
2025-01-17	17.378	ğŸŒ–	Waning gibbous
2025-01-18	18.233	ğŸŒ–	Waning gibbous
2025-01-19	19.089	ğŸŒ–	Waning gibbous
2025-01-20	19.945	ğŸŒ–	Waning gibbous
2025-01-21	20.800	ğŸŒ–	Waning gibbous
2025-01-22	21.656	ğŸŒ—	Last quarter
2025-01-23	22.433	ğŸŒ˜	Waning crescent
2025-01-24	23.289	ğŸŒ˜	Waning crescent
2025-01-25	24.222	ğŸŒ˜	Waning crescent
2025-01-26	25.078	ğŸŒ˜	Waning crescent
2025-01-27	26.011	ğŸŒ˜	Waning crescent
2025-01-28	27.022	ğŸŒ˜	Waning crescent
2025-01-29	27.956	ğŸŒ˜	Waning crescent
2025-01-30	 0.967	ğŸŒ‘	New moon
2025-01-31	 1.978	ğŸŒ’	Waxing crescent
2025-02-01	 3.067	ğŸŒ’	Waxing crescent
2025-02-02	 4.078	ğŸŒ’	Waxing crescent
2025-02-03	 5.089	ğŸŒ’	Waxing crescent
2025-02-04	 6.178	ğŸŒ’	Waxing crescent
2025-02-05	 7.189	ğŸŒ“	First quarter
2025-02-06	 8.200	ğŸŒ”	Waxing gibbous
2025-02-07	 9.133	ğŸŒ”	Waxing gibbous
2025-02-08	10.145	ğŸŒ”	Waxing gibbous
2025-02-09	11.156	ğŸŒ”	Waxing gibbous
2025-02-10	12.089	ğŸŒ”	Waxing gibbous
2025-02-11	13.022	ğŸŒ”	Waxing gibbous
2025-02-12	13.956	ğŸŒ”	Waxing gibbous
2025-02-13	14.889	ğŸŒ•	Full moon
2025-02-14	15.745	ğŸŒ–	Waning gibbous
2025-02-15	16.678	ğŸŒ–	Waning gibbous
2025-02-16	17.533	ğŸŒ–	Waning gibbous
2025-02-17	18.389	ğŸŒ–	Waning gibbous
2025-02-18	19.167	ğŸŒ–	Waning gibbous
2025-02-19	20.022	ğŸŒ–	Waning gibbous
2025-02-20	20.878	ğŸŒ–	Waning gibbous
2025-02-21	21.733	ğŸŒ—	Last quarter
2025-02-22	22.589	ğŸŒ˜	Waning crescent
2025-02-23	23.522	ğŸŒ˜	Waning crescent
2025-02-24	24.456	ğŸŒ˜	Waning crescent
2025-02-25	25.389	ğŸŒ˜	Waning crescent
2025-02-26	26.400	ğŸŒ˜	Waning crescent
2025-02-27	27.411	ğŸŒ˜	Waning crescent
2025-02-28	 0.500	ğŸŒ‘	New moon
2025-03-01	 1.511	ğŸŒ’	Waxing crescent
2025-03-02	 2.600	ğŸŒ’	Waxing crescent
2025-03-03	 3.689	ğŸŒ’	Waxing crescent
2025-03-04	 4.700	ğŸŒ’	Waxing crescent
2025-03-05	 5.789	ğŸŒ’	Waxing crescent
2025-03-06	 6.800	ğŸŒ’	Waxing crescent
2025-03-07	 7.811	ğŸŒ“	First quarter
2025-03-08	 8.745	ğŸŒ”	Waxing gibbous
2025-03-09	 9.756	ğŸŒ”	Waxing gibbous
2025-03-10	10.689	ğŸŒ”	Waxing gibbous
2025-03-11	11.622	ğŸŒ”	Waxing gibbous
2025-03-12	12.478	ğŸŒ”	Waxing gibbous
2025-03-13	13.411	ğŸŒ”	Waxing gibbous
2025-03-14	14.267	ğŸŒ•	Full moon
2025-03-15	15.122	ğŸŒ–	Waning gibbous
2025-03-16	15.978	ğŸŒ–	Waning gibbous
2025-03-17	16.833	ğŸŒ–	Waning gibbous
2025-03-18	17.611	ğŸŒ–	Waning gibbous
2025-03-19	18.467	ğŸŒ–	Waning gibbous
2025-03-20	19.322	ğŸŒ–	Waning gibbous
2025-03-21	20.178	ğŸŒ–	Waning gibbous
2025-03-22	21.033	ğŸŒ—	Last quarter
2025-03-23	21.967	ğŸŒ˜	Waning crescent
2025-03-24	22.900	ğŸŒ˜	Waning crescent
2025-03-25	23.833	ğŸŒ˜	Waning crescent
2025-03-26	24.845	ğŸŒ˜	Waning crescent
2025-03-27	25.856	ğŸŒ˜	Waning crescent
2025-03-28	26.945	ğŸŒ˜	Waning crescent
2025-03-29	 0.033	ğŸŒ‘	New moon
2025-03-30	 1.122	ğŸŒ’	Waxing crescent
2025-03-31	 2.211	ğŸŒ’	Waxing crescent
2025-04-01	 3.300	ğŸŒ’	Waxing crescent
2025-04-02	 4.389	ğŸŒ’	Waxing crescent
2025-04-03	 5.400	ğŸŒ’	Waxing crescent
2025-04-04	 6.411	ğŸŒ’	Waxing crescent
2025-04-05	 7.422	ğŸŒ“	First quarter
2025-04-06	 8.356	ğŸŒ”	Waxing gibbous
2025-04-07	 9.289	ğŸŒ”	Waxing gibbous
2025-04-08	10.145	ğŸŒ”	Waxing gibbous
2025-04-09	11.078	ğŸŒ”	Waxing gibbous
2025-04-10	11.933	ğŸŒ”	Waxing gibbous
2025-04-11	12.789	ğŸŒ”	Waxing gibbous
2025-04-12	13.645	ğŸŒ”	Waxing gibbous
2025-04-13	14.500	ğŸŒ•	Full moon
2025-04-14	15.356	ğŸŒ–	Waning gibbous
2025-04-15	16.133	ğŸŒ–	Waning gibbous
2025-04-16	16.989	ğŸŒ–	Waning gibbous
2025-04-17	17.845	ğŸŒ–	Waning gibbous
2025-04-18	18.700	ğŸŒ–	Waning gibbous
2025-04-19	19.556	ğŸŒ–	Waning gibbous
2025-04-20	20.489	ğŸŒ–	Waning gibbous
2025-04-21	21.422	ğŸŒ—	Last quarter
2025-04-22	22.356	ğŸŒ˜	Waning crescent
2025-04-23	23.367	ğŸŒ˜	Waning crescent
2025-04-24	24.378	ğŸŒ˜	Waning crescent
2025-04-25	25.467	ğŸŒ˜	Waning crescent
2025-04-26	26.556	ğŸŒ˜	Waning crescent
2025-04-27	27.645	ğŸŒ˜	Waning crescent
2025-04-28	 0.733	ğŸŒ‘	New moon
2025-04-29	 1.822	ğŸŒ’	Waxing crescent
2025-04-30	 2.911	ğŸŒ’	Waxing crescent
2025-05-01	 4.000	ğŸŒ’	Waxing crescent
2025-05-02	 5.011	ğŸŒ’	Waxing crescent
2025-05-03	 6.022	ğŸŒ’	Waxing crescent
2025-05-04	 6.956	ğŸŒ’	Waxing crescent
2025-05-05	 7.889	ğŸŒ“	First quarter
2025-05-06	 8.822	ğŸŒ”	Waxing gibbous
2025-05-07	 9.678	ğŸŒ”	Waxing gibbous
2025-05-08	10.533	ğŸŒ”	Waxing gibbous
2025-05-09	11.389	ğŸŒ”	Waxing gibbous
2025-05-10	12.245	ğŸŒ”	Waxing gibbous
2025-05-11	13.022	ğŸŒ”	Waxing gibbous
2025-05-12	13.878	ğŸŒ”	Waxing gibbous
2025-05-13	14.733	ğŸŒ•	Full moon
2025-05-14	15.589	ğŸŒ–	Waning gibbous
2025-05-15	16.445	ğŸŒ–	Waning gibbous
2025-05-16	17.300	ğŸŒ–	Waning gibbous
2025-05-17	18.233	ğŸŒ–	Waning gibbous
2025-05-18	19.167	ğŸŒ–	Waning gibbous
2025-05-19	20.022	ğŸŒ–	Waning gibbous
2025-05-20	21.033	ğŸŒ—	Last quarter
2025-05-21	21.967	ğŸŒ˜	Waning crescent
2025-05-22	22.978	ğŸŒ˜	Waning crescent
2025-05-23	24.067	ğŸŒ˜	Waning crescent
2025-05-24	25.078	ğŸŒ˜	Waning crescent
2025-05-25	26.167	ğŸŒ˜	Waning crescent
2025-05-26	27.256	ğŸŒ˜	Waning crescent
2025-05-27	 0.345	ğŸŒ‘	New moon
2025-05-28	 1.433	ğŸŒ’	Waxing crescent
2025-05-29	 2.522	ğŸŒ’	Waxing crescent
2025-05-30	 3.533	ğŸŒ’	Waxing crescent
2025-05-31	 4.545	ğŸŒ’	Waxing crescent
2025-06-01	 5.556	ğŸŒ’	Waxing crescent
2025-06-02	 6.489	ğŸŒ’	Waxing crescent
2025-06-03	 7.422	ğŸŒ“	First quarter
2025-06-04	 8.278	ğŸŒ”	Waxing gibbous
2025-06-05	 9.133	ğŸŒ”	Waxing gibbous
2025-06-06	 9.989	ğŸŒ”	Waxing gibbous
2025-06-07	10.767	ğŸŒ”	Waxing gibbous
2025-06-08	11.622	ğŸŒ”	Waxing gibbous
2025-06-09	12.478	ğŸŒ”	Waxing gibbous
2025-06-10	13.333	ğŸŒ”	Waxing gibbous
2025-06-11	14.189	ğŸŒ•	Full moon
2025-06-12	15.122	ğŸŒ–	Waning gibbous
2025-06-13	15.978	ğŸŒ–	Waning gibbous
2025-06-14	16.911	ğŸŒ–	Waning gibbous
2025-06-15	17.845	ğŸŒ–	Waning gibbous
2025-06-16	18.778	ğŸŒ–	Waning gibbous
2025-06-17	19.711	ğŸŒ–	Waning gibbous
2025-06-18	20.722	ğŸŒ–	Waning gibbous
2025-06-19	21.733	ğŸŒ—	Last quarter
2025-06-20	22.745	ğŸŒ˜	Waning crescent
2025-06-21	23.756	ğŸŒ˜	Waning crescent
2025-06-22	24.845	ğŸŒ˜	Waning crescent
2025-06-23	25.856	ğŸŒ˜	Waning crescent
2025-06-24	26.945	ğŸŒ˜	Waning crescent
2025-06-25	 0.033	ğŸŒ‘	New moon
2025-06-26	 1.045	ğŸŒ’	Waxing crescent
2025-06-27	 2.133	ğŸŒ’	Waxing crescent
2025-06-28	 3.145	ğŸŒ’	Waxing crescent
2025-06-29	 4.078	ğŸŒ’	Waxing crescent
2025-06-30	 5.011	ğŸŒ’	Waxing crescent
2025-07-01	 5.945	ğŸŒ’	Waxing crescent
2025-07-02	 6.800	ğŸŒ’	Waxing crescent
2025-07-03	 7.656	ğŸŒ“	First quarter
2025-07-04	 8.511	ğŸŒ”	Waxing gibbous
2025-07-05	 9.367	ğŸŒ”	Waxing gibbous
2025-07-06	10.222	ğŸŒ”	Waxing gibbous
2025-07-07	11.078	ğŸŒ”	Waxing gibbous
2025-07-08	11.933	ğŸŒ”	Waxing gibbous
2025-07-09	12.789	ğŸŒ”	Waxing gibbous
2025-07-10	13.722	ğŸŒ”	Waxing gibbous
2025-07-11	14.656	ğŸŒ•	Full moon
2025-07-12	15.589	ğŸŒ–	Waning gibbous
2025-07-13	16.522	ğŸŒ–	Waning gibbous
2025-07-14	17.456	ğŸŒ–	Waning gibbous
2025-07-15	18.467	ğŸŒ–	Waning gibbous
2025-07-16	19.478	ğŸŒ–	Waning gibbous
2025-07-17	20.489	ğŸŒ–	Waning gibbous
2025-07-18	21.500	ğŸŒ—	Last quarter
2025-07-19	22.511	ğŸŒ˜	Waning crescent
2025-07-20	23.522	ğŸŒ˜	Waning crescent
2025-07-21	24.611	ğŸŒ˜	Waning crescent
2025-07-22	25.622	ğŸŒ˜	Waning crescent
2025-07-23	26.633	ğŸŒ˜	Waning crescent
2025-07-24	27.645	ğŸŒ˜	Waning crescent
2025-07-25	 0.656	ğŸŒ‘	New moon
2025-07-26	 1.667	ğŸŒ’	Waxing crescent
2025-07-27	 2.600	ğŸŒ’	Waxing crescent
2025-07-28	 3.611	ğŸŒ’	Waxing crescent
2025-07-29	 4.467	ğŸŒ’	Waxing crescent
2025-07-30	 5.400	ğŸŒ’	Waxing crescent
2025-07-31	 6.256	ğŸŒ’	Waxing crescent
2025-08-01	 7.111	ğŸŒ“	First quarter
2025-08-02	 7.889	ğŸŒ”	Waxing gibbous
2025-08-03	 8.745	ğŸŒ”	Waxing gibbous
2025-08-04	 9.600	ğŸŒ”	Waxing gibbous
2025-08-05	10.456	ğŸŒ”	Waxing gibbous
2025-08-06	11.389	ğŸŒ”	Waxing gibbous
2025-08-07	12.245	ğŸŒ”	Waxing gibbous
2025-08-08	13.178	ğŸŒ”	Waxing gibbous
2025-08-09	14.189	ğŸŒ•	Full moon
2025-08-10	15.200	ğŸŒ–	Waning gibbous
2025-08-11	16.133	ğŸŒ–	Waning gibbous
2025-08-12	17.222	ğŸŒ–	Waning gibbous
2025-08-13	18.233	ğŸŒ–	Waning gibbous
2025-08-14	19.245	ğŸŒ–	Waning gibbous
2025-08-15	20.256	ğŸŒ–	Waning gibbous
2025-08-16	21.267	ğŸŒ—	Last quarter
